{
  "encoder": [
    8236.71875,
    9138.0859375,
    9777.5390625
  ],
  "postion": [
    [
      71.8949966430664,
      351.91900634765625,
      -920.7269897460938,
      0.0,
      180.0,
      5.6579999923706055
    ],
    [
      54.888999938964844,
      112.1729965209961,
      -920.72802734375,
      0.0,
      180.0,
      5.6579999923706055
    ],
    [
      -88.00700378417969,
      363.1059875488281,
      -920.7260131835938,
      0.0,
      180.0,
      5.6579999923706055
    ],
    [
      -104.91200256347656,
      122.22000122070312,
      -920.7249755859375,
      0.0,
      180.0,
      5.6579999923706055
    ],
    [
      0.0,
      0.0,
      0.0,
      0.0,
      0.0,
      0.0
    ],
    [
      0.0,
      0.0,
      0.0,
      0.0,
      0.0,
      0.0
    ],
    [
      0.0,
      0.0,
      0.0,
      0.0,
      0.0,
      0.0
    ],
    [
      0.0,
      0.0,
      0.0,
      0.0,
      0.0,
      0.0
    ],
    [
      0.0,
      0.0,
      0.0,
      0.0,
      0.0,
      0.0
    ],
    [
      0.0,
      0.0,
      0.0,
      0.0,
      0.0,
      0.0
    ],
    [
      0.0,
      0.0,
      0.0,
      0.0,
      0.0,
      0.0
    ],
    [
      0.0,
      0.0,
      0.0,
      0.0,
      0.0,
      0.0
    ],
    [
      0.0,
      0.0,
      0.0,
      0.0,
      0.0,
      0.0
    ],
    [
      0.0,
      0.0,
      0.0,
      0.0,
      0.0,
      0.0
    ],
    [
      0.0,
      0.0,
      0.0,
      0.0,
      0.0,
      0.0
    ],
    [
      0.0,
      0.0,
      0.0,
      0.0,
      0.0,
      0.0
    ],
    [
      399.35699462890625,
      -204.25599670410156,
      -920.719970703125,
      0.0,
      180.0,
      5.660999774932861
    ]
  ],
  "Tu1_u": [
    [
      0.7988275204872989,
      0.6015601320833306,
      0.0,
      0.0
    ],
    [
      -0.6015601320833306,
      0.7988275204872989,
      0.0,
      0.0
    ],
    [
      0.0,
      0.0,
      1.0,
      0.0
    ],
    [
      0.0,
      0.0,
      0.0,
      1.0
    ]
  ],
  "Tb_r": [
    [
      0.5449078662883312,
      -0.8384959255117528,
      1.2541424894202622e-05,
      -445.50765777104544
    ],
    [
      -0.8384959255713198,
      -0.5449078663402768,
      -8.84860363740179e-07,
      1095.8088627008751
    ],
    [
      -7.575872889609752e-06,
      1.0033766301878852e-05,
      0.9999999999209648,
      -920.7203619085866
    ],
    [
      0.0,
      0.0,
      0.0,
      1.0
    ]
  ],
  "Te_tg": [
    [
      0.8660254037844387,
      0.49999999999999994,
      0.0,
      0.0
    ],
    [
      -0.49999999999999994,
      0.8660254037844387,
      0.0,
      0.0
    ],
    [
      0.0,
      0.0,
      1.0,
      -40.0
    ],
    [
      0.0,
      0.0,
      0.0,
      1.0
    ]
  ],
  "Te_ts": [
    [
      0.8660254037844387,
      0.49999999999999994,
      0.0,
      157.0
    ],
    [
      -0.49999999999999994,
      0.8660254037844387,
      0.0,
      0.0
    ],
    [
      0.0,
      0.0,
      1.0,
      -20.0
    ],
    [
      0.0,
      0.0,
      0.0,
      1.0
    ]
  ],
  "Ke": 1.0093251797406635,
  "L1": 810.7725985357738,
  "L2": 740.7953627160803
}