{
  "encoder": [
    1572.65625,
    2365.0390625,
    3110.546875
  ],
  "postion": [
    [
      -121.0790023803711,
      364.48699951171875,
      -931.7529907226562,
      0.0,
      180.0,
      0.0010000000474974513
    ],
    [
      77.06300354003906,
      344.760986328125,
      -926.7960205078125,
      0.0,
      180.0,
      -0.004000000189989805
    ],
    [
      -133.69700622558594,
      225.69400024414062,
      -926.7930297851562,
      0.0,
      180.0,
      -0.0010000000474974513
    ],
    [
      63.935001373291016,
      206.3979949951172,
      -926.7890014648438,
      0.0,
      180.0,
      -0.0020000000949949026
    ],
    [
      -111.26300048828125,
      353.10198974609375,
      -926.791015625,
      0.0,
      180.0,
      0.0020000000949949026
    ],
    [
      -52.52299880981445,
      348.00201416015625,
      -926.7930297851562,
      0.0,
      180.0,
      0.0020000000949949026
    ],
    [
      7.361000061035156,
      342.3909912109375,
      -926.7860107421875,
      0.0,
      180.0,
      0.0020000000949949026
    ],
    [
      66.48500061035156,
      336.52398681640625,
      -926.7849731445312,
      0.0,
      180.0,
      0.0010000000474974513
    ],
    [
      -117.5530014038086,
      294.37298583984375,
      -926.7940063476562,
      0.0,
      180.0,
      0.0
    ],
    [
      -58.45399856567383,
      288.739013671875,
      -926.7890014648438,
      0.0,
      180.0,
      0.0
    ],
    [
      0.6570000052452087,
      282.7550048828125,
      -926.7890014648438,
      0.0,
      180.0,
      0.0
    ],
    [
      60.78499984741211,
      276.9070129394531,
      -926.781005859375,
      0.0,
      180.0,
      0.0
    ],
    [
      -123.57499694824219,
      235.22500610351562,
      -926.7940063476562,
      0.0,
      180.0,
      -0.0020000000949949026
    ],
    [
      -64.31700134277344,
      228.31199645996094,
      -926.7930297851562,
      0.0,
      180.0,
      -0.0020000000949949026
    ],
    [
      -4.5289998054504395,
      223.38499450683594,
      -926.7919921875,
      0.0,
      180.0,
      -0.003000000026077032
    ],
    [
      55.05400085449219,
      216.5469970703125,
      -926.7899780273438,
      0.0,
      180.0,
      -0.003000000026077032
    ],
    [
      255.8979949951172,
      -279.25799560546875,
      -926.7969970703125,
      0.0,
      180.0,
      -0.003000000026077032
    ]
  ],
  "Tu1_u": [
    [
      0.5836731474273346,
      -0.8119887049536274,
      0.0,
      0.0
    ],
    [
      0.8119887049536274,
      0.5836731474273346,
      0.0,
      0.0
    ],
    [
      0.0,
      0.0,
      1.0,
      0.0
    ],
    [
      0.0,
      0.0,
      0.0,
      1.0
    ]
  ],
  "Tb_r": [
    [
      0.5026421183821264,
      -0.8644287714024154,
      -0.010667708284344173,
      -510.79380467355014
    ],
    [
      -0.8642220027991661,
      -0.5027552268543061,
      0.018907981078727126,
      1038.9671376446388
    ],
    [
      0.021707848952095217,
      0.0002846794449673822,
      0.9997643163523523,
      -947.4325567867515
    ],
    [
      0.0,
      0.0,
      0.0,
      1.0
    ]
  ],
  "Te_tg": [
    [
      0.8660254037844387,
      -0.49999999999999994,
      0.0,
      0.0
    ],
    [
      0.49999999999999994,
      0.8660254037844387,
      0.0,
      0.0
    ],
    [
      0.0,
      0.0,
      1.0,
      0.0
    ],
    [
      0.0,
      0.0,
      0.0,
      1.0
    ]
  ],
  "Te_ts": [
    [
      0.8660254037844387,
      -0.49999999999999994,
      0.0,
      157.0
    ],
    [
      0.49999999999999994,
      0.8660254037844387,
      0.0,
      0.0
    ],
    [
      0.0,
      0.0,
      1.0,
      -20.0
    ],
    [
      0.0,
      0.0,
      0.0,
      1.0
    ]
  ],
  "Ke": 1.0006852307557856,
  "L1": 792.9257775734809,
  "L2": 746.0186573818035
}